probe,gene,probe_atoms,total_atoms,footprint_x,footprint_y,height,min_contact,overhang,confidence,plddt,boltz_class
p001,nuc,368,6068,51.9,35.9,34.0,3.29,0,0.673,0.822,MODERATE
p103,nuc,441,6141,36.7,24.0,25.3,3.35,0,0.56,0.657,LOW
p104,nuc,460,6160,23.5,35.2,30.2,3.28,0,0.582,0.687,LOW
p1307,rmpM,457,6157,23.2,21.9,45.9,3.26,0,0.564,0.644,LOW
p1622,rmpM,403,6103,38.9,35.0,27.5,3.26,0,0.516,0.614,LOW
p1631,rmpM,359,6059,42.1,45.3,32.8,3.22,0,0.626,0.769,MODERATE
p1632,rmpM,381,6081,46.1,32.7,45.9,3.25,0,0.605,0.74,MODERATE
p1633,rmpM,400,6100,46.1,41.3,40.5,3.26,0,0.609,0.73,MODERATE
p2331,lytA,384,6084,27.1,40.1,28.6,3.27,0,0.487,0.598,LOW
p2332,lytA,406,6106,52.3,42.9,33.9,3.21,0,0.494,0.585,LOW
p2571,lytA,406,6106,46.6,25.1,51.3,3.28,0,0.725,0.866,GOOD
p2582,lytA,403,6103,51.4,39.9,36.9,3.42,0,0.654,0.778,MODERATE
p2584,lytA,442,6142,67.1,28.9,27.2,3.25,0,0.674,0.785,MODERATE
p4010,oprL,362,6062,20.1,33.6,23.8,3.32,0,0.522,0.637,LOW
p4016,oprL,483,6183,45.1,30.6,28.5,3.24,0,0.554,0.632,LOW
p4017,oprL,504,6204,58.6,30.7,29.5,3.21,0,0.532,0.604,LOW
p4018,oprL,526,6226,44.0,26.6,54.7,3.31,0,0.534,0.596,LOW
p4032,oprL,357,6057,25.2,42.4,46.3,3.27,0,0.569,0.697,LOW
p408,nuc,374,6074,24.9,50.3,39.2,3.36,0,0.62,0.757,MODERATE
p4971,algD,449,6149,61.0,30.3,48.2,3.26,0,0.635,0.745,MODERATE
p4979,algD,385,6085,42.3,30.7,49.0,3.36,0,0.618,0.757,MODERATE
p5178,algD,370,6070,30.6,25.3,23.3,3.22,0,0.738,0.909,GOOD
p5179,algD,390,6090,20.3,36.3,29.6,3.21,0,0.613,0.752,MODERATE
p5913,algD,368,6068,23.8,54.9,24.8,3.24,0,0.625,0.768,MODERATE
p598,nuc,439,6139,33.2,46.1,59.2,3.24,0,0.752,0.896,GOOD
p6917,frdB,426,6126,23.7,21.6,37.1,3.28,0,0.693,0.827,MODERATE
p6922,frdB,529,6229,30.3,34.0,37.6,3.23,0,0.727,0.828,GOOD
p6972,frdB,431,6131,27.0,32.3,34.5,3.27,0,0.698,0.819,MODERATE
p7057,frdB,361,6061,33.1,22.0,37.1,3.28,0,0.535,0.654,LOW
p7332,frdB,366,6066,28.7,46.8,35.5,3.28,0,0.558,0.683,LOW
