probe;gene;atoms;phosphates;height_above_sheet;confidence;plddt;boltz_class;f_1x PBS;P_1x PBS;f_0.1x PBS;P_0.1x PBS;f_0.01x PBS;P_0.01x PBS;orientations;f_anchored_1x PBS;P_anchored_1x PBS;P_anchored_max_1x PBS;f_anchored_0.1x PBS;P_anchored_0.1x PBS;P_anchored_max_0.1x PBS;f_anchored_0.01x PBS;P_anchored_0.01x PBS;P_anchored_max_0.01x PBS;duplex_orientations;duplex_rise_A;P_target_1x PBS;P_target_max_1x PBS;P_target_0.1x PBS;P_target_max_0.1x PBS;P_target_0.01x PBS;P_target_max_0.01x PBS;final_shortlist
p4971;algD;449;22;51.43;0.635;0.745;MODERATE;6.2;3;45.9;11;100.0;22;5754;5.1;1.0;8;35.6;8.0;21;100.0;22.0;22;3310;3.23;0.0;5;8.0;21;22.0;22;False
p4979;algD;385;19;52.18;0.618;0.757;MODERATE;2.3;1;29.1;4;100.0;19;5931;5.5;1.0;5;43.6;8.0;19;100.0;19.0;19;3314;3.33;0.0;5;8.0;18;19.0;19;False
p5178;algD;370;18;26.48;0.738;0.909;GOOD;6.8;3;97.8;17;100.0;18;4010;7.6;2.0;6;73.2;13.0;18;100.0;18.0;18;3533;3.4;0.0;6;8.0;18;18.0;18;True
p5179;algD;390;19;32.8;0.613;0.752;MODERATE;2.8;0;72.6;13;100.0;19;4027;6.7;2.0;6;62.8;12.0;19;100.0;19.0;19;3171;3.32;0.0;6;8.0;19;19.0;19;False
p5913;algD;368;18;28.0;0.625;0.768;MODERATE;9.0;4;92.1;15;100.0;18;5927;5.7;1.0;6;45.1;8.0;17;100.0;18.0;18;3238;3.43;0.0;6;8.0;18;18.0;18;False
p6917;frdB;426;21;40.34;0.693;0.827;MODERATE;9.2;3;56.1;12;100.0;21;3839;7.7;2.0;6;67.6;14.0;21;100.0;21.0;21;3025;3.28;0.0;4;8.0;18;21.0;21;False
p6922;frdB;529;26;40.82;0.727;0.828;GOOD;11.5;3;62.2;16;100.0;26;3959;4.9;2.0;6;51.0;13.0;25;100.0;26.0;26;3047;3.28;0.0;6;8.0;24;26.0;26;True
p6972;frdB;431;21;37.66;0.698;0.819;MODERATE;7.9;2;58.2;11;100.0;21;2198;5.3;2.0;5;70.3;14.0;21;100.0;21.0;21;3187;3.28;0.0;6;8.0;19;21.0;21;False
p7057;frdB;361;18;40.27;0.535;0.654;LOW;8.6;2;55.4;10;100.0;18;4730;7.2;1.0;6;54.6;10.0;18;100.0;18.0;18;2628;3.25;0.0;6;8.0;18;18.0;18;False
p7332;frdB;366;18;38.75;0.558;0.683;LOW;6.3;3;55.2;11;100.0;18;5203;6.6;1.0;6;51.1;10.0;18;100.0;18.0;18;3406;3.28;0.0;6;8.0;18;18.0;18;False
p2331;lytA;384;19;31.84;0.487;0.598;LOW;9.1;2;73.4;14;100.0;19;98;12.2;5.0;7;96.9;19.0;19;100.0;19.0;19;2828;3.28;0.0;6;8.0;19;19.0;19;True
p2332;lytA;406;20;37.07;0.494;0.585;LOW;10.1;3;66.0;13;100.0;20;5306;5.7;1.0;6;45.3;9.0;20;100.0;20.0;20;2997;3.25;0.0;6;8.0;20;20.0;20;False
p2571;lytA;406;20;54.47;0.725;0.866;GOOD;3.9;1;45.6;10;100.0;20;5675;5.7;1.0;6;42.9;8.0;19;100.0;20.0;20;2932;3.28;0.0;5;8.0;20;20.0;20;True
p2582;lytA;403;20;40.1;0.654;0.778;MODERATE;5.5;2;63.0;11;100.0;20;5639;5.7;1.0;5;43.7;9.0;20;100.0;20.0;20;3306;3.21;0.0;6;8.0;19;20.0;20;False
p2584;lytA;442;22;30.4;0.674;0.785;MODERATE;4.8;3;87.8;16;100.0;22;5234;5.2;1.0;7;37.6;8.0;20;100.0;22.0;22;3182;3.23;0.0;5;8.0;21;22.0;22;False
p001;nuc;368;18;37.18;0.673;0.822;MODERATE;10.1;3;55.2;10;100.0;18;5463;6.2;1.0;5;48.6;8.0;17;100.0;18.0;18;3158;3.3;0.0;4;8.0;17;18.0;18;False
p103;nuc;441;21;28.52;0.56;0.657;LOW;8.4;3;94.6;19;100.0;21;2857;5.7;2.0;5;67.3;13.0;21;100.0;21.0;21;3241;3.36;0.0;5;8.0;20;21.0;21;False
p104;nuc;460;22;33.44;0.582;0.687;LOW;8.5;4;76.1;17;100.0;22;2337;5.4;2.0;5;69.6;15.0;20;100.0;22.0;22;3523;3.2;0.0;4;8.0;19;22.0;22;True
p408;nuc;374;18;42.41;0.62;0.757;MODERATE;5.1;0;54.5;10;100.0;18;6331;6.1;1.0;6;47.6;8.0;18;100.0;18.0;18;3210;3.29;0.0;6;8.0;17;18.0;18;False
p598;nuc;439;21;62.36;0.752;0.896;GOOD;4.3;0;38.0;8;100.0;21;6293;5.0;1.0;6;37.4;8.0;20;100.0;21.0;21;2485;3.28;0.0;6;8.0;21;21.0;21;True
p4010;oprL;362;18;26.96;0.522;0.637;LOW;10.5;3;96.1;16;100.0;18;542;12.7;4.0;5;98.6;17.0;18;100.0;18.0;18;3391;3.3;0.0;6;8.0;17;18.0;18;True
p4016;oprL;483;24;31.71;0.554;0.632;LOW;13.3;4;78.3;18;100.0;24;1623;5.6;2.0;5;82.6;18.0;24;100.0;24.0;24;3041;3.35;0.0;5;8.0;21;24.0;24;True
p4017;oprL;504;25;32.66;0.532;0.604;LOW;4.8;2;75.2;18;100.0;25;5640;4.8;1.0;8;34.9;9.0;23;100.0;25.0;25;3256;3.31;0.0;5;8.0;23;25.0;25;False
p4018;oprL;526;26;57.89;0.534;0.596;LOW;4.9;2;23.2;6;100.0;26;5667;4.2;1.0;6;33.8;9.0;23;100.0;26.0;26;3368;3.29;0.0;7;8.0;23;26.0;26;False
p4032;oprL;357;18;49.49;0.569;0.697;LOW;5.3;0;48.7;9;100.0;18;5941;5.9;1.0;5;46.8;8.0;16;100.0;18.0;18;2986;3.31;0.0;6;8.0;17;18.0;18;True
p1307;rmpM;457;22;49.05;0.564;0.644;LOW;5.0;1;41.4;9;100.0;22;1779;5.7;2.0;5;84.5;16.0;22;100.0;22.0;22;3236;3.33;0.0;5;8.0;22;22.0;22;True
p1622;rmpM;403;20;30.73;0.516;0.614;LOW;9.2;3;86.1;16;100.0;20;5373;5.2;1.0;6;50.6;9.0;20;100.0;20.0;20;2683;3.21;0.0;6;8.0;20;20.0;20;False
p1631;rmpM;359;18;36.03;0.626;0.769;MODERATE;4.5;2;59.6;9;100.0;18;5413;5.8;1.0;5;47.1;8.0;18;100.0;18.0;18;2947;3.24;0.0;6;8.0;18;18.0;18;True
p1632;rmpM;381;19;49.12;0.605;0.74;MODERATE;14.2;3;47.2;8;100.0;19;5972;5.5;1.0;5;42.0;8.0;19;100.0;19.0;19;3052;3.27;0.0;5;8.0;18;19.0;19;False
p1633;rmpM;400;20;43.69;0.609;0.73;MODERATE;12.5;3;56.5;11;100.0;20;5624;5.2;1.0;6;40.5;8.0;20;100.0;20.0;20;3363;3.27;0.0;5;8.0;18;20.0;20;False
