probe_id,confidence,ptm,plddt,quality
p001_Saur_nuc_pos279-297_Tm52.5_GC39_hpNA_PASS,0.907,0.812,0.93,EXCELLENT
p103_Saur_nuc_pos306-327_Tm54.5_GC38_hpNA_PASS,0.877,0.737,0.912,EXCELLENT
p104_Saur_nuc_pos306-328_Tm57.0_GC41_hpNA_PASS,0.866,0.738,0.898,EXCELLENT
p1307_Nmen_rmpM_pos747-769_Tm58.5_GC41_hpNA_PASS,0.91,0.76,0.948,EXCELLENT
p1622_Nmen_rmpM_pos1167-1187_Tm56.2_GC40_hpNA_PASS,0.941,0.813,0.973,EXCELLENT
p1631_Nmen_rmpM_pos1170-1188_Tm56.2_GC44_hpNA_PASS,0.904,0.793,0.931,EXCELLENT
p1632_Nmen_rmpM_pos1170-1189_Tm59.3_GC47_hpNA_PASS,0.923,0.763,0.963,EXCELLENT
p1633_Nmen_rmpM_pos1170-1190_Tm62.4_GC50_hpNA_PASS,0.904,0.767,0.938,EXCELLENT
p2331_Spne_lytA_pos543-562_Tm54.3_GC47_hpNA_PASS,0.845,0.803,0.855,EXCELLENT
p2332_Spne_lytA_pos543-563_Tm57.4_GC50_hpNA_PASS,0.882,0.794,0.904,EXCELLENT
p2571_Spne_lytA_pos663-683_Tm55.5_GC40_hpNA_PASS,0.92,0.781,0.954,EXCELLENT
p2582_Spne_lytA_pos666-686_Tm56.5_GC40_hpNA_PASS,0.925,0.778,0.961,EXCELLENT
p2584_Spne_lytA_pos666-688_Tm59.1_GC41_hpNA_PASS,0.949,0.803,0.985,EXCELLENT
p4010_Paer_oprL_pos273-291_Tm59.4_GC56_hp-0.02_PASS,0.927,0.789,0.961,EXCELLENT
p4016_Paer_oprL_pos273-297_Tm65.3_GC54_hp-0.02_PASS,0.888,0.724,0.929,EXCELLENT
p4017_Paer_oprL_pos273-298_Tm66.3_GC52_hp-0.02_PASS,0.887,0.718,0.93,EXCELLENT
p4018_Paer_oprL_pos273-299_Tm66.8_GC54_hp-0.02_PASS,0.901,0.694,0.952,EXCELLENT
p4032_Paer_oprL_pos279-297_Tm55.6_GC50_hpNA_PASS,0.925,0.762,0.967,EXCELLENT
p408_Saur_nuc_pos390-408_Tm52.3_GC39_hp0.60_PASS,0.929,0.757,0.971,EXCELLENT
p4971_Paer_algD_pos87-109_Tm68.6_GC59_hp-0.48_PASS,0.934,0.779,0.973,EXCELLENT
p4979_Paer_algD_pos90-109_Tm66.7_GC63_hp-0.48_PASS,0.927,0.756,0.971,EXCELLENT
p5178_Paer_algD_pos147-165_Tm63.5_GC61_hp-0.36_PASS,0.919,0.761,0.958,EXCELLENT
p5179_Paer_algD_pos147-166_Tm63.7_GC58_hp-0.36_PASS,0.911,0.785,0.942,EXCELLENT
p5913_Paer_algD_pos795-813_Tm60.6_GC61_hpNA_PASS,0.908,0.725,0.954,EXCELLENT
p598_Saur_nuc_pos441-462_Tm55.5_GC38_hpNA_PASS,0.934,0.775,0.974,EXCELLENT
p6917_Hinf_frdB_pos264-285_Tm54.8_GC38_hpNA_PASS,0.923,0.766,0.963,EXCELLENT
p6922_Hinf_frdB_pos264-290_Tm60.7_GC38_hpNA_PASS,0.917,0.712,0.968,EXCELLENT
p6972_Hinf_frdB_pos279-300_Tm56.3_GC38_hp0.28_PASS,0.931,0.81,0.961,EXCELLENT
p7057_Hinf_frdB_pos303-321_Tm61.5_GC56_hpNA_PASS,0.864,0.752,0.892,EXCELLENT
p7332_Hinf_frdB_pos378-396_Tm54.0_GC44_hpNA_PASS,0.895,0.737,0.934,EXCELLENT
