probe_id,gene,organism,fonte,tm,gc,conservation,nofold_score,seqfold_dg,seq_quality,confidence,ptm,plddt,quality,sequence
p598_Saur_nuc_pos441-462_Tm55.5_GC38_hpNA_PASS,nuc,Staphylococcus aureus,romeu,55.5,0.381,0.995,96.09,2.5,0.978,0.752,0.173,0.896,GOOD,CTGATGGAAAAATGGTAAACG
p5178_Paer_algD_pos147-165_Tm63.5_GC61_hp-0.36_PASS,algD,Pseudomonas aeruginosa,romeu,63.5,0.611,0.929,91.66,0.7,0.923,0.738,0.054,0.909,GOOD,ACGTGGTGATCCCGCTGA
p6922_Hinf_frdB_pos264-290_Tm60.7_GC38_hpNA_PASS,frdB,Haemophilus influenzae,romeu,60.7,0.385,0.993,99.25,1.0,0.993,0.727,0.323,0.828,GOOD,CGTCAATTCTCAATGTGTATCAACTG
p2571_Spne_lytA_pos663-683_Tm55.5_GC40_hpNA_PASS,lytA,Streptococcus pneumoniae,romeu,55.5,0.4,0.879,97.16,1600.0,0.925,0.725,0.164,0.866,GOOD,CGAATAACCAACCAAACAAC
p6972_Hinf_frdB_pos279-300_Tm56.3_GC38_hp0.28_PASS,frdB,Haemophilus influenzae,romeu,56.3,0.381,0.99,98.24,-0.5,0.986,0.698,0.214,0.819,MODERATE,TGTATCAACTGTGGTTTATGC
p6917_Hinf_frdB_pos264-285_Tm54.8_GC38_hpNA_PASS,frdB,Haemophilus influenzae,romeu,54.8,0.381,0.991,99.28,2.0,0.992,0.693,0.157,0.827,MODERATE,CGTCAATTCTCAATGTGTATC
p2584_Spne_lytA_pos666-688_Tm59.1_GC41_hpNA_PASS,lytA,Streptococcus pneumoniae,romeu,59.1,0.409,0.864,99.9,1600.0,0.932,0.674,0.23,0.785,MODERATE,ATAACCAACCAAACAACCACTC
p001_Saur_nuc_pos279-297_Tm52.5_GC39_hpNA_PASS,nuc,Staphylococcus aureus,romeu,52.5,0.389,0.986,98.54,2.0,0.986,0.673,0.075,0.822,MODERATE,ATACACCTGAAACAAAGC
p2582_Spne_lytA_pos666-686_Tm56.5_GC40_hpNA_PASS,lytA,Streptococcus pneumoniae,romeu,56.5,0.4,0.858,99.9,1600.0,0.929,0.654,0.159,0.778,MODERATE,ATAACCAACCAAACAACCAC
p4971_Paer_algD_pos87-109_Tm68.6_GC59_hp-0.48_PASS,algD,Pseudomonas aeruginosa,romeu,68.6,0.591,0.909,91.73,-0.8,0.913,0.635,0.195,0.745,MODERATE,AGAAGTCCGAACGCCACACCGT
p1631_Nmen_rmpM_pos1170-1188_Tm56.2_GC44_hpNA_PASS,rmpM,Neisseria meningitidis,romeu,56.2,0.444,0.97,93.58,2.0,0.953,0.626,0.058,0.769,MODERATE,TTTTCCAAACGCACTTCC
p5913_Paer_algD_pos795-813_Tm60.6_GC61_hpNA_PASS,algD,Pseudomonas aeruginosa,romeu,60.6,0.611,0.879,94.64,1.0,0.913,0.625,0.056,0.768,MODERATE,CTGCCCAAGGATGTACGC
p408_Saur_nuc_pos390-408_Tm52.3_GC39_hp0.60_PASS,nuc,Staphylococcus aureus,romeu,52.3,0.389,0.975,95.52,-0.4,0.965,0.62,0.071,0.757,MODERATE,ACAAAGGTCAAAGAACTG
p4979_Paer_algD_pos90-109_Tm66.7_GC63_hp-0.48_PASS,algD,Pseudomonas aeruginosa,romeu,66.7,0.632,0.904,91.73,-0.8,0.911,0.618,0.063,0.757,MODERATE,AGTCCGAACGCCACACCGT
p5179_Paer_algD_pos147-166_Tm63.7_GC58_hp-0.36_PASS,algD,Pseudomonas aeruginosa,romeu,63.7,0.579,0.923,91.54,-0.2,0.919,0.613,0.057,0.752,MODERATE,ACGTGGTGATCCCGCTGAT
p1633_Nmen_rmpM_pos1170-1190_Tm62.4_GC50_hpNA_PASS,rmpM,Neisseria meningitidis,romeu,62.4,0.5,0.973,93.53,0.7,0.954,0.609,0.123,0.73,MODERATE,TTTTCCAAACGCACTTCCGC
p1632_Nmen_rmpM_pos1170-1189_Tm59.3_GC47_hpNA_PASS,rmpM,Neisseria meningitidis,romeu,59.3,0.474,0.972,93.46,0.2,0.953,0.605,0.063,0.74,MODERATE,TTTTCCAAACGCACTTCCG
p104_Saur_nuc_pos306-328_Tm57.0_GC41_hpNA_PASS,nuc,Staphylococcus aureus,romeu,57.0,0.409,0.974,98.15,2.1,0.978,0.582,0.165,0.687,LOW,AAGGTGTAGAGAAATATGGTCC
p4032_Paer_oprL_pos279-297_Tm55.6_GC50_hpNA_PASS,oprL,Pseudomonas aeruginosa,romeu,55.6,0.5,0.954,98.78,1600.0,0.971,0.569,0.058,0.697,LOW,TCACCACCTTCTACTTCG
p1307_Nmen_rmpM_pos747-769_Tm58.5_GC41_hpNA_PASS,rmpM,Neisseria meningitidis,romeu,58.5,0.409,0.925,98.65,0.8,0.956,0.564,0.242,0.644,LOW,GGTCTGAATTACAAAAATGGCG
p103_Saur_nuc_pos306-327_Tm54.5_GC38_hpNA_PASS,nuc,Staphylococcus aureus,romeu,54.5,0.381,0.974,99.34,1.8,0.984,0.56,0.174,0.657,LOW,AAGGTGTAGAGAAATATGGTC
p7332_Hinf_frdB_pos378-396_Tm54.0_GC44_hpNA_PASS,frdB,Haemophilus influenzae,romeu,54.0,0.444,0.996,97.63,2.6,0.986,0.558,0.057,0.683,LOW,CTTGATAACCGTGACCAT
p4016_Paer_oprL_pos273-297_Tm65.3_GC54_hp-0.02_PASS,oprL,Pseudomonas aeruginosa,romeu,65.3,0.542,0.958,97.42,-0.5,0.966,0.554,0.239,0.632,LOW,GTGCGATCACCACCTTCTACTTCG
p7057_Hinf_frdB_pos303-321_Tm61.5_GC56_hpNA_PASS,frdB,Haemophilus influenzae,romeu,61.5,0.556,0.999,97.98,0.1,0.989,0.535,0.058,0.654,LOW,GCCGCTTGCCCTCAATTT
p4018_Paer_oprL_pos273-299_Tm66.8_GC54_hp-0.02_PASS,oprL,Pseudomonas aeruginosa,romeu,66.8,0.538,0.958,97.42,-0.5,0.966,0.534,0.286,0.596,LOW,GTGCGATCACCACCTTCTACTTCGAG
p4017_Paer_oprL_pos273-298_Tm66.3_GC52_hp-0.02_PASS,oprL,Pseudomonas aeruginosa,romeu,66.3,0.52,0.96,97.42,-0.5,0.967,0.532,0.245,0.604,LOW,GTGCGATCACCACCTTCTACTTCGA
p4010_Paer_oprL_pos273-291_Tm59.4_GC56_hp-0.02_PASS,oprL,Pseudomonas aeruginosa,romeu,59.4,0.556,0.958,97.42,-0.5,0.966,0.522,0.063,0.637,LOW,GTGCGATCACCACCTTCT
p1622_Nmen_rmpM_pos1167-1187_Tm56.2_GC40_hpNA_PASS,rmpM,Neisseria meningitidis,romeu,56.2,0.4,0.96,93.56,1.2,0.948,0.516,0.128,0.614,LOW,GATTTTTCCAAACGCACTTC
p2332_Spne_lytA_pos543-563_Tm57.4_GC50_hpNA_PASS,lytA,Streptococcus pneumoniae,romeu,57.4,0.5,0.874,98.19,0.7,0.928,0.494,0.129,0.585,LOW,GGACTACCGCCTTTATATCG
p2331_Spne_lytA_pos543-562_Tm54.3_GC47_hpNA_PASS,lytA,Streptococcus pneumoniae,romeu,54.3,0.474,0.88,98.19,0.7,0.931,0.487,0.044,0.598,LOW,GGACTACCGCCTTTATATC
